"Step","final_run - loss_train","final_run - loss_train__MIN","final_run - loss_train__MAX"
"0","0.7436579465866089","0.7436579465866089","0.7436579465866089"
"50","0.6869385993480682","0.6869385993480682","0.6869385993480682"
"100","0.63201491355896","0.63201491355896","0.63201491355896"
"150","0.5917820978164673","0.5917820978164673","0.5917820978164673"
"200","0.5607250875234604","0.5607250875234604","0.5607250875234604"
"250","0.5209878361225129","0.5209878361225129","0.5209878361225129"
"300","0.4923954278230667","0.4923954278230667","0.4923954278230667"
"350","0.46519151151180266","0.46519151151180266","0.46519151151180266"
"400","0.4141730177402496","0.4141730177402496","0.4141730177402496"
"450","0.3784398245811462","0.3784398245811462","0.3784398245811462"
"500","0.31040409207344055","0.31040409207344055","0.31040409207344055"
"550","0.2133544059097767","0.2133544059097767","0.2133544059097767"
"600","0.19810855343937875","0.19810855343937875","0.19810855343937875"
"650","0.17212488234043122","0.17212488234043122","0.17212488234043122"
"700","0.13967459112405778","0.13967459112405778","0.13967459112405778"
"750","0.11525973379611969","0.11525973379611969","0.11525973379611969"
"800","0.08675157897174358","0.08675157897174358","0.08675157897174358"
"850","0.06789924480020999","0.06789924480020999","0.06789924480020999"
"900","0.062337720580399034","0.062337720580399034","0.062337720580399034"
"950","0.05393975405022502","0.05393975405022502","0.05393975405022502"
"1000","0.04634559977799654","0.04634559977799654","0.04634559977799654"
"1050","0.06094662610441446","0.06094662610441446","0.06094662610441446"
"1100","0.047170478757470845","0.047170478757470845","0.047170478757470845"
"1150","0.036152662988752124","0.036152662988752124","0.036152662988752124"
"1200","0.03906855385750532","0.03906855385750532","0.03906855385750532"
"1250","0.029653457142412663","0.029653457142412663","0.029653457142412663"
"1300","0.03177223737351596","0.03177223737351596","0.03177223737351596"
"1350","0.044574975930154324","0.044574975930154324","0.044574975930154324"
"1400","0.02701878760010004","0.02701878760010004","0.02701878760010004"
"1450","0.023086075661703943","0.023086075661703943","0.023086075661703943"
"1500","0.023253591423854233","0.023253591423854233","0.023253591423854233"
"1550","0.03288922909181565","0.03288922909181565","0.03288922909181565"
"1586","0.053609248250722885","0.053609248250722885","0.053609248250722885"
"1636","0.01749447893816978","0.01749447893816978","0.01749447893816978"
"1686","0.02139906998258084","0.02139906998258084","0.02139906998258084"
"1736","0.013392427987419069","0.013392427987419069","0.013392427987419069"
"1786","0.013224690861534327","0.013224690861534327","0.013224690861534327"
"1836","0.011025420348159969","0.011025420348159969","0.011025420348159969"
"1886","0.012852178649045526","0.012852178649045526","0.012852178649045526"
"1936","0.012583260621177032","0.012583260621177032","0.012583260621177032"
"1986","0.008982939061243088","0.008982939061243088","0.008982939061243088"
"2036","0.00958364371675998","0.00958364371675998","0.00958364371675998"
"2086","0.009800593599211425","0.009800593599211425","0.009800593599211425"
"2136","0.006991168698295951","0.006991168698295951","0.006991168698295951"
"2186","0.008183754980564117","0.008183754980564117","0.008183754980564117"
"2236","0.008042015652172267","0.008042015652172267","0.008042015652172267"
"2286","0.010684153507463634","0.010684153507463634","0.010684153507463634"
"2336","0.009353370463941246","0.009353370463941246","0.009353370463941246"
"2386","0.012831185697577893","0.012831185697577893","0.012831185697577893"
"2436","0.007465834898175672","0.007465834898175672","0.007465834898175672"
"2486","0.005567999340128154","0.005567999340128154","0.005567999340128154"
"2536","0.004921045410446823","0.004921045410446823","0.004921045410446823"
"2586","0.0059011031524278225","0.0059011031524278225","0.0059011031524278225"
"2636","0.0051309560966910795","0.0051309560966910795","0.0051309560966910795"
"2686","0.004988834168761969","0.004988834168761969","0.004988834168761969"
"2736","0.005534246171009727","0.005534246171009727","0.005534246171009727"
"2786","0.005123908853856846","0.005123908853856846","0.005123908853856846"
"2836","0.004709860067232512","0.004709860067232512","0.004709860067232512"
"2886","0.0046356243168702346","0.0046356243168702346","0.0046356243168702346"
"2936","0.004774292302899994","0.004774292302899994","0.004774292302899994"
"2986","0.0035721729480428623","0.0035721729480428623","0.0035721729480428623"
"3036","0.011206590635119938","0.011206590635119938","0.011206590635119938"
"3086","0.0094534716848284","0.0094534716848284","0.0094534716848284"
"3136","0.0035794779541902244","0.0035794779541902244","0.0035794779541902244"
"3172","0.0018323013791814446","0.0018323013791814446","0.0018323013791814446"
"3222","0.004086266789818183","0.004086266789818183","0.004086266789818183"
"3272","0.0029593656421639026","0.0029593656421639026","0.0029593656421639026"
"3322","0.0028782307769870384","0.0028782307769870384","0.0028782307769870384"
"3372","0.0031994593946728855","0.0031994593946728855","0.0031994593946728855"
"3422","0.0021677239891141654","0.0021677239891141654","0.0021677239891141654"
"3472","0.00975497009290848","0.00975497009290848","0.00975497009290848"
"3522","0.009819322790717707","0.009819322790717707","0.009819322790717707"
"3572","0.00625480349350255","0.00625480349350255","0.00625480349350255"
"3622","0.00695480529742781","0.00695480529742781","0.00695480529742781"
"3672","0.004351135328179225","0.004351135328179225","0.004351135328179225"
"3722","0.004586446298635565","0.004586446298635565","0.004586446298635565"
"3772","0.002935011928202584","0.002935011928202584","0.002935011928202584"
"3822","0.0018670532037504018","0.0018670532037504018","0.0018670532037504018"
"3872","0.002642485334072262","0.002642485334072262","0.002642485334072262"
"3922","0.0058073345152661205","0.0058073345152661205","0.0058073345152661205"
"3972","0.00366140203026589","0.00366140203026589","0.00366140203026589"
"4022","0.006644052049668971","0.006644052049668971","0.006644052049668971"
"4072","0.00400976634293329","0.00400976634293329","0.00400976634293329"
"4122","0.0072984826256288216","0.0072984826256288216","0.0072984826256288216"
"4172","0.002384787401824724","0.002384787401824724","0.002384787401824724"
"4222","0.0020549788688367697","0.0020549788688367697","0.0020549788688367697"
"4272","0.0029272632920765316","0.0029272632920765316","0.0029272632920765316"
"4322","0.00234993993275566","0.00234993993275566","0.00234993993275566"
"4372","0.003315105906513054","0.003315105906513054","0.003315105906513054"
"4422","0.011396527260076254","0.011396527260076254","0.011396527260076254"
"4472","0.003548017783614341","0.003548017783614341","0.003548017783614341"
"4522","0.0020868144936684986","0.0020868144936684986","0.0020868144936684986"
"4572","0.002721088986727409","0.002721088986727409","0.002721088986727409"
"4622","0.0033377973768801894","0.0033377973768801894","0.0033377973768801894"
"4672","0.01831777072220575","0.01831777072220575","0.01831777072220575"
"4722","0.009092280305630994","0.009092280305630994","0.009092280305630994"
"4758","0.0006383891450241208","0.0006383891450241208","0.0006383891450241208"
"4808","0.013300855402485467","0.013300855402485467","0.013300855402485467"
"4858","0.0026156071774312297","0.0026156071774312297","0.0026156071774312297"
"4908","0.0019544810528168456","0.0019544810528168456","0.0019544810528168456"
"4958","0.002345760552416323","0.002345760552416323","0.002345760552416323"
"5008","0.002620790251530707","0.002620790251530707","0.002620790251530707"
"5058","0.0018237075902288779","0.0018237075902288779","0.0018237075902288779"
"5108","0.0014053897670237348","0.0014053897670237348","0.0014053897670237348"
"5158","0.0015527837834815727","0.0015527837834815727","0.0015527837834815727"
"5208","0.00153234438286745","0.00153234438286745","0.00153234438286745"
"5258","0.0016747491720889229","0.0016747491720889229","0.0016747491720889229"
"5308","0.001550191410642583","0.001550191410642583","0.001550191410642583"
"5358","0.008011016394011677","0.008011016394011677","0.008011016394011677"
"5408","0.0022642117661598603","0.0022642117661598603","0.0022642117661598603"
"5458","0.0018137005073367617","0.0018137005073367617","0.0018137005073367617"
"5508","0.0018466115684714168","0.0018466115684714168","0.0018466115684714168"
"5558","0.0017070946536841803","0.0017070946536841803","0.0017070946536841803"
"5608","0.001495931970057427","0.001495931970057427","0.001495931970057427"
"5658","0.000840065818556468","0.000840065818556468","0.000840065818556468"
"5708","0.0008141150518349605","0.0008141150518349605","0.0008141150518349605"
"5758","0.0028505238082289","0.0028505238082289","0.0028505238082289"
"5808","0.0014300737423764075","0.0014300737423764075","0.0014300737423764075"
"5858","0.006134239237144357","0.006134239237144357","0.006134239237144357"
"5908","0.0013327855015813838","0.0013327855015813838","0.0013327855015813838"
"5958","0.0019411345606204122","0.0019411345606204122","0.0019411345606204122"
"6008","0.0017739717849326554","0.0017739717849326554","0.0017739717849326554"
"6058","0.0014503875382797559","0.0014503875382797559","0.0014503875382797559"
"6108","0.0008296006714226678","0.0008296006714226678","0.0008296006714226678"
"6158","0.0012042289062446799","0.0012042289062446799","0.0012042289062446799"
"6208","0.0008131259364745347","0.0008131259364745347","0.0008131259364745347"
"6258","0.0007890392967965454","0.0007890392967965454","0.0007890392967965454"
"6308","0.0021449166406455333","0.0021449166406455333","0.0021449166406455333"
"6344","0.00013287919864524156","0.00013287919864524156","0.00013287919864524156"
"6394","0.001142136894595751","0.001142136894595751","0.001142136894595751"
"6444","0.0006312170477212931","0.0006312170477212931","0.0006312170477212931"
"6494","0.0013977181186055532","0.0013977181186055532","0.0013977181186055532"
"6544","0.002295494256359234","0.002295494256359234","0.002295494256359234"
"6594","0.006316610178619158","0.006316610178619158","0.006316610178619158"
"6644","0.00279456899210345","0.00279456899210345","0.00279456899210345"
"6694","0.03853132799471495","0.03853132799471495","0.03853132799471495"
"6744","0.0031958573272277135","0.0031958573272277135","0.0031958573272277135"
"6794","0.005281740709033329","0.005281740709033329","0.005281740709033329"
"6844","0.009662546964827925","0.009662546964827925","0.009662546964827925"
"6894","0.009896923549531493","0.009896923549531493","0.009896923549531493"
"6944","0.0047674762041424405","0.0047674762041424405","0.0047674762041424405"
"6994","0.003813938526000129","0.003813938526000129","0.003813938526000129"
"7044","0.0013850122749863658","0.0013850122749863658","0.0013850122749863658"
"7094","0.010790047897244222","0.010790047897244222","0.010790047897244222"
"7144","0.0009562686525896424","0.0009562686525896424","0.0009562686525896424"
"7194","0.0026800723552150886","0.0026800723552150886","0.0026800723552150886"
"7244","0.0024182896864658686","0.0024182896864658686","0.0024182896864658686"
"7294","0.004396120609817445","0.004396120609817445","0.004396120609817445"
"7344","0.002547789753007237","0.002547789753007237","0.002547789753007237"
"7394","0.001082889597309986","0.001082889597309986","0.001082889597309986"
"7444","0.0012087316329416353","0.0012087316329416353","0.0012087316329416353"
"7494","0.0014539623680684599","0.0014539623680684599","0.0014539623680684599"
"7544","0.0005566490759520093","0.0005566490759520093","0.0005566490759520093"
"7594","0.0006860628045615158","0.0006860628045615158","0.0006860628045615158"
"7644","0.0005874431469783303","0.0005874431469783303","0.0005874431469783303"
"7694","0.0016236598787509138","0.0016236598787509138","0.0016236598787509138"
"7744","0.0013935741532804969","0.0013935741532804969","0.0013935741532804969"
"7794","0.0009218123762639153","0.0009218123762639153","0.0009218123762639153"
"7844","0.000931093133513059","0.000931093133513059","0.000931093133513059"
"7894","0.0006239231177642069","0.0006239231177642069","0.0006239231177642069"
"7930","0.0010628926102072","0.0010628926102072","0.0010628926102072"
"7980","0.0003491834324449883","0.0003491834324449883","0.0003491834324449883"
"8030","0.0005584226632890932","0.0005584226632890932","0.0005584226632890932"
"8080","0.0007028398874763298","0.0007028398874763298","0.0007028398874763298"
"8130","0.002238760994769109","0.002238760994769109","0.002238760994769109"
"8180","0.0006617499193816911","0.0006617499193816911","0.0006617499193816911"
"8230","0.00038486254117742647","0.00038486254117742647","0.00038486254117742647"
"8280","0.0006998066462438146","0.0006998066462438146","0.0006998066462438146"
"8330","0.0010086530840635532","0.0010086530840635532","0.0010086530840635532"
"8380","0.0004956151296210009","0.0004956151296210009","0.0004956151296210009"
"8430","0.0010459652796089359","0.0010459652796089359","0.0010459652796089359"
"8480","0.0022547207328898365","0.0022547207328898365","0.0022547207328898365"
"8530","0.00044206226028109085","0.00044206226028109085","0.00044206226028109085"
"8580","0.0012026864309336817","0.0012026864309336817","0.0012026864309336817"
"8630","0.0008390156900441071","0.0008390156900441071","0.0008390156900441071"
"8680","0.0032387463092891267","0.0032387463092891267","0.0032387463092891267"
"8730","0.0005950446401220688","0.0005950446401220688","0.0005950446401220688"
"8780","0.0006490661520365393","0.0006490661520365393","0.0006490661520365393"
"8830","0.00039331608373231573","0.00039331608373231573","0.00039331608373231573"
"8880","0.0025965466962043137","0.0025965466962043137","0.0025965466962043137"
"8930","0.0018866099756451149","0.0018866099756451149","0.0018866099756451149"
"8980","0.0017960083228899747","0.0017960083228899747","0.0017960083228899747"
"9030","0.0020387275311441046","0.0020387275311441046","0.0020387275311441046"
"9080","0.0008931340877552429","0.0008931340877552429","0.0008931340877552429"
"9130","0.0009638107745013258","0.0009638107745013258","0.0009638107745013258"
"9180","0.0011329265909080276","0.0011329265909080276","0.0011329265909080276"
"9230","0.0004987392426210136","0.0004987392426210136","0.0004987392426210136"
"9280","0.0012627386035455857","0.0012627386035455857","0.0012627386035455857"
"9330","0.0004980462543971953","0.0004980462543971953","0.0004980462543971953"
"9380","0.006025642743279605","0.006025642743279605","0.006025642743279605"
"9430","0.008775551712751621","0.008775551712751621","0.008775551712751621"
"9480","0.0017125615677468886","0.0017125615677468886","0.0017125615677468886"
"9516","0.00023688485089223832","0.00023688485089223832","0.00023688485089223832"
"9566","0.004027795644760772","0.004027795644760772","0.004027795644760772"
"9616","0.0012174014583433744","0.0012174014583433744","0.0012174014583433744"
"9666","0.0007834919327069656","0.0007834919327069656","0.0007834919327069656"
"9716","0.0009049628607317573","0.0009049628607317573","0.0009049628607317573"
"9766","0.0020491934088931883","0.0020491934088931883","0.0020491934088931883"
"9816","0.001832172713620821","0.001832172713620821","0.001832172713620821"
"9866","0.0004885526546786423","0.0004885526546786423","0.0004885526546786423"
"9916","0.0008485032311182295","0.0008485032311182295","0.0008485032311182295"
"9966","0.0007138314804342372","0.0007138314804342372","0.0007138314804342372"
"10016","0.0009184103739062265","0.0009184103739062265","0.0009184103739062265"
"10066","0.0011093040273408405","0.0011093040273408405","0.0011093040273408405"
"10116","0.0006449191291903844","0.0006449191291903844","0.0006449191291903844"
"10166","0.0023148225716431627","0.0023148225716431627","0.0023148225716431627"
"10216","0.0006085340859408461","0.0006085340859408461","0.0006085340859408461"
"10266","0.00021368232839449774","0.00021368232839449774","0.00021368232839449774"
"10316","0.0013099562450952361","0.0013099562450952361","0.0013099562450952361"
"10366","0.0009360749379266054","0.0009360749379266054","0.0009360749379266054"
"10416","0.0004909251479784871","0.0004909251479784871","0.0004909251479784871"
"10466","0.000532972619166685","0.000532972619166685","0.000532972619166685"
"10516","0.001099362166969513","0.001099362166969513","0.001099362166969513"
"10566","0.0008745528076542541","0.0008745528076542541","0.0008745528076542541"
"10616","0.000691232029321327","0.000691232029321327","0.000691232029321327"
"10666","0.0004861916662912336","0.0004861916662912336","0.0004861916662912336"
"10716","0.0007530342940208356","0.0007530342940208356","0.0007530342940208356"
"10766","0.0003185966678256591","0.0003185966678256591","0.0003185966678256591"
"10816","0.0005068272148901087","0.0005068272148901087","0.0005068272148901087"
"10866","0.0014035360323123313","0.0014035360323123313","0.0014035360323123313"
"10916","0.0004012710593019619","0.0004012710593019619","0.0004012710593019619"
"10966","0.000444116419207603","0.000444116419207603","0.000444116419207603"
"11016","0.00020764986750236857","0.00020764986750236857","0.00020764986750236857"
"11066","0.0006949538916251186","0.0006949538916251186","0.0006949538916251186"
"11102","0.000048279162001563236","0.000048279162001563236","0.000048279162001563236"
"11152","0.000434460457829573","0.000434460457829573","0.000434460457829573"
"11202","0.0006753573529204005","0.0006753573529204005","0.0006753573529204005"
"11252","0.0006259166031577479","0.0006259166031577479","0.0006259166031577479"
"11302","0.0006850671055781277","0.0006850671055781277","0.0006850671055781277"
"11352","0.0006767811623831221","0.0006767811623831221","0.0006767811623831221"
"11402","0.0005166243612256949","0.0005166243612256949","0.0005166243612256949"
"11452","0.000441471465169343","0.000441471465169343","0.000441471465169343"
"11502","0.00035914085593049096","0.00035914085593049096","0.00035914085593049096"
"11552","0.0007817655344751984","0.0007817655344751984","0.0007817655344751984"
"11602","0.00041476395358131413","0.00041476395358131413","0.00041476395358131413"
"11652","0.00023693693202289979","0.00023693693202289979","0.00023693693202289979"
"11702","0.0005804111513089083","0.0005804111513089083","0.0005804111513089083"
"11752","0.0002817195882789747","0.0002817195882789747","0.0002817195882789747"
"11802","0.00018892255971877603","0.00018892255971877603","0.00018892255971877603"
"11852","0.0009414481984458689","0.0009414481984458689","0.0009414481984458689"
"11902","0.00048435164251714013","0.00048435164251714013","0.00048435164251714013"
"11952","0.00019219543294184404","0.00019219543294184404","0.00019219543294184404"
"12002","0.0010428483998612137","0.0010428483998612137","0.0010428483998612137"
"12052","0.006394931797995013","0.006394931797995013","0.006394931797995013"
"12102","0.0029272418800792366","0.0029272418800792366","0.0029272418800792366"
"12152","0.001992013278209015","0.001992013278209015","0.001992013278209015"
"12202","0.0009320205298945439","0.0009320205298945439","0.0009320205298945439"
"12252","0.0027714317389563804","0.0027714317389563804","0.0027714317389563804"
"12302","0.0021307931332012232","0.0021307931332012232","0.0021307931332012232"
"12352","0.0008472318321355488","0.0008472318321355488","0.0008472318321355488"
"12402","0.0009390871663526923","0.0009390871663526923","0.0009390871663526923"
"12452","0.0067184972511950035","0.0067184972511950035","0.0067184972511950035"
"12502","0.002106639965386421","0.002106639965386421","0.002106639965386421"
"12552","0.0008378812111823208","0.0008378812111823208","0.0008378812111823208"
"12602","0.0005029996432949702","0.0005029996432949702","0.0005029996432949702"
"12652","0.0016761990664736005","0.0016761990664736005","0.0016761990664736005"
"12688","0.000467739999294281","0.000467739999294281","0.000467739999294281"
"12738","0.00023314201737662188","0.00023314201737662188","0.00023314201737662188"
"12788","0.0007058803785275813","0.0007058803785275813","0.0007058803785275813"
"12838","0.0004891303012868776","0.0004891303012868776","0.0004891303012868776"
"12888","0.0008858486889585038","0.0008858486889585038","0.0008858486889585038"
"12938","0.00017217943956893578","0.00017217943956893578","0.00017217943956893578"
"12988","0.00028073552183286663","0.00028073552183286663","0.00028073552183286663"
"13038","0.0008893381409598078","0.0008893381409598078","0.0008893381409598078"
"13088","0.00027145066954744837","0.00027145066954744837","0.00027145066954744837"
"13138","0.0007318303380998259","0.0007318303380998259","0.0007318303380998259"
"13188","0.001435174584480592","0.001435174584480592","0.001435174584480592"
"13238","0.0007835711431198433","0.0007835711431198433","0.0007835711431198433"
"13288","0.0006614350592008123","0.0006614350592008123","0.0006614350592008123"
"13338","0.000609425042721341","0.000609425042721341","0.000609425042721341"
"13388","0.0005989606265211478","0.0005989606265211478","0.0005989606265211478"
"13438","0.0008083255704991643","0.0008083255704991643","0.0008083255704991643"
"13488","0.0016561325167708675","0.0016561325167708675","0.0016561325167708675"
"13538","0.0010066501807659734","0.0010066501807659734","0.0010066501807659734"
"13588","0.00038777320493409205","0.00038777320493409205","0.00038777320493409205"
"13638","0.0002494048865492005","0.0002494048865492005","0.0002494048865492005"
"13688","0.0014803589612483847","0.0014803589612483847","0.0014803589612483847"
"13738","0.0005571943198174268","0.0005571943198174268","0.0005571943198174268"
"13788","0.00028494255441273707","0.00028494255441273707","0.00028494255441273707"
"13838","0.0002698319344517586","0.0002698319344517586","0.0002698319344517586"
"13888","0.00035476427180583417","0.00035476427180583417","0.00035476427180583417"
"13938","0.0008425702872523289","0.0008425702872523289","0.0008425702872523289"
"13988","0.00023799169821131727","0.00023799169821131727","0.00023799169821131727"
"14038","0.0007920337119003307","0.0007920337119003307","0.0007920337119003307"
"14088","0.0032659034669677567","0.0032659034669677567","0.0032659034669677567"
"14138","0.0005794802318268922","0.0005794802318268922","0.0005794802318268922"
"14188","0.00020281354062717582","0.00020281354062717582","0.00020281354062717582"
"14238","0.0003566617900969504","0.0003566617900969504","0.0003566617900969504"
"14274","0.000005647361376759363","0.000005647361376759363","0.000005647361376759363"
"14324","0.0004550862979294834","0.0004550862979294834","0.0004550862979294834"
"14374","0.000526322686741878","0.000526322686741878","0.000526322686741878"
"14424","0.00040536172775773593","0.00040536172775773593","0.00040536172775773593"
"14474","0.00034723496866263305","0.00034723496866263305","0.00034723496866263305"
"14524","0.00021931052660647765","0.00021931052660647765","0.00021931052660647765"
"14574","0.0007436142761696374","0.0007436142761696374","0.0007436142761696374"
"14624","0.0004442410494220894","0.0004442410494220894","0.0004442410494220894"
"14674","0.0010339232514070319","0.0010339232514070319","0.0010339232514070319"
"14724","0.00033910517543290553","0.00033910517543290553","0.00033910517543290553"
"14774","0.00013995517335388285","0.00013995517335388285","0.00013995517335388285"
"14824","0.00018815457641039758","0.00018815457641039758","0.00018815457641039758"
"14874","0.0006560270909676546","0.0006560270909676546","0.0006560270909676546"
"14924","0.0004244824460147356","0.0004244824460147356","0.0004244824460147356"
"14974","0.00009814804661459675","0.00009814804661459675","0.00009814804661459675"
"15024","0.00016809115870159986","0.00016809115870159986","0.00016809115870159986"
"15074","0.0006088520747607617","0.0006088520747607617","0.0006088520747607617"
"15124","0.00018117356817128893","0.00018117356817128893","0.00018117356817128893"
"15174","0.00035441100642287894","0.00035441100642287894","0.00035441100642287894"
"15224","0.0006757645086463526","0.0006757645086463526","0.0006757645086463526"
"15274","0.0002290046337441254","0.0002290046337441254","0.0002290046337441254"
"15324","0.00012163956037511525","0.00012163956037511525","0.00012163956037511525"
"15374","0.00024297231981563528","0.00024297231981563528","0.00024297231981563528"
"15424","0.00024228967846852357","0.00024228967846852357","0.00024228967846852357"
"15474","0.00023112944200079255","0.00023112944200079255","0.00023112944200079255"
"15524","0.0011582936280433386","0.0011582936280433386","0.0011582936280433386"
"15574","0.00017362483887154668","0.00017362483887154668","0.00017362483887154668"
"15624","0.0002469580490401313","0.0002469580490401313","0.0002469580490401313"
"15674","0.0003128392458529561","0.0003128392458529561","0.0003128392458529561"
"15724","0.00021502840268453839","0.00021502840268453839","0.00021502840268453839"
"15774","0.001085475774104907","0.001085475774104907","0.001085475774104907"
"15824","0.000568566694164474","0.000568566694164474","0.000568566694164474"
"15860","0.0006980778416618705","0.0006980778416618705","0.0006980778416618705"
"15910","0.0002314871538897023","0.0002314871538897023","0.0002314871538897023"
"15960","0.0013978765264437243","0.0013978765264437243","0.0013978765264437243"
"16010","0.0003567889560105186","0.0003567889560105186","0.0003567889560105186"
"16060","0.0007316386812726705","0.0007316386812726705","0.0007316386812726705"
"16110","0.0004425752210272549","0.0004425752210272549","0.0004425752210272549"
"16160","0.0003838651279943406","0.0003838651279943406","0.0003838651279943406"
"16210","0.0001819939170809448","0.0001819939170809448","0.0001819939170809448"
"16260","0.005075981354687542","0.005075981354687542","0.005075981354687542"
"16310","0.0005812572912782343","0.0005812572912782343","0.0005812572912782343"
"16360","0.00016701660752232783","0.00016701660752232783","0.00016701660752232783"
"16410","0.00019797339417436887","0.00019797339417436887","0.00019797339417436887"
"16460","0.000656991991418181","0.000656991991418181","0.000656991991418181"
"16510","0.0004602093148173481","0.0004602093148173481","0.0004602093148173481"
"16560","0.0005239502787435413","0.0005239502787435413","0.0005239502787435413"
"16610","0.0003637822589962525","0.0003637822589962525","0.0003637822589962525"
"16660","0.001187744246301463","0.001187744246301463","0.001187744246301463"
"16710","0.00016965747452672985","0.00016965747452672985","0.00016965747452672985"
"16760","0.00013607603803166056","0.00013607603803166056","0.00013607603803166056"
"16810","0.000649131466353765","0.000649131466353765","0.000649131466353765"
"16860","0.0014725082121304922","0.0014725082121304922","0.0014725082121304922"
"16910","0.00047256384380943927","0.00047256384380943927","0.00047256384380943927"
"16960","0.0007851758931064979","0.0007851758931064979","0.0007851758931064979"
"17010","0.0001386559390249431","0.0001386559390249431","0.0001386559390249431"
"17060","0.0018494131565782368","0.0018494131565782368","0.0018494131565782368"
"17110","0.0002872207984884767","0.0002872207984884767","0.0002872207984884767"
"17160","0.000318571463490116","0.000318571463490116","0.000318571463490116"
"17210","0.0008764098544872922","0.0008764098544872922","0.0008764098544872922"
"17260","0.007226638698975876","0.007226638698975876","0.007226638698975876"
"17310","0.01207338185171011","0.01207338185171011","0.01207338185171011"
"17360","0.0007666757505421629","0.0007666757505421629","0.0007666757505421629"
"17410","0.0001771037076605353","0.0001771037076605353","0.0001771037076605353"
"17446","0.00043452545651234686","0.00043452545651234686","0.00043452545651234686"
"17496","0.0003465701758545947","0.0003465701758545947","0.0003465701758545947"
"17546","0.00030013312905566634","0.00030013312905566634","0.00030013312905566634"
"17596","0.00011831362638417886","0.00011831362638417886","0.00011831362638417886"
"17646","0.00029400339466519656","0.00029400339466519656","0.00029400339466519656"
"17696","0.00040421926016051654","0.00040421926016051654","0.00040421926016051654"
"17746","0.0002402883008971912","0.0002402883008971912","0.0002402883008971912"
"17796","0.0003921446798460693","0.0003921446798460693","0.0003921446798460693"
"17846","0.000167066820869195","0.000167066820869195","0.000167066820869195"
"17896","0.0012944952734710569","0.0012944952734710569","0.0012944952734710569"
"17946","0.0008807347013907929","0.0008807347013907929","0.0008807347013907929"
"17996","0.0002482125042934058","0.0002482125042934058","0.0002482125042934058"
"18046","0.0000964017562182562","0.0000964017562182562","0.0000964017562182562"
"18096","0.00034350643499237777","0.00034350643499237777","0.00034350643499237777"
"18146","0.00016017168956409478","0.00016017168956409478","0.00016017168956409478"
"18196","0.001217643713941925","0.001217643713941925","0.001217643713941925"
"18246","0.0005235089793109182","0.0005235089793109182","0.0005235089793109182"
"18296","0.00042993328886836935","0.00042993328886836935","0.00042993328886836935"
"18346","0.0004430094914005167","0.0004430094914005167","0.0004430094914005167"
"18396","0.00013026054533156638","0.00013026054533156638","0.00013026054533156638"
"18446","0.0003840552807673703","0.0003840552807673703","0.0003840552807673703"
"18496","0.00025001111612766636","0.00025001111612766636","0.00025001111612766636"
"18546","0.001044461791636877","0.001044461791636877","0.001044461791636877"
"18596","0.00028633528176897016","0.00028633528176897016","0.00028633528176897016"
"18646","0.00048247789144852506","0.00048247789144852506","0.00048247789144852506"
"18696","0.0006186305874820164","0.0006186305874820164","0.0006186305874820164"
"18746","0.0001758234448834628","0.0001758234448834628","0.0001758234448834628"
"18796","0.00019415336992778976","0.00019415336992778976","0.00019415336992778976"
"18846","0.00023358217203167442","0.00023358217203167442","0.00023358217203167442"
"18896","0.00013254503531470618","0.00013254503531470618","0.00013254503531470618"
"18946","0.00034780062327968155","0.00034780062327968155","0.00034780062327968155"
"18996","0.0004940915788461098","0.0004940915788461098","0.0004940915788461098"
"19032","0.000006981022124818992","0.000006981022124818992","0.000006981022124818992"
"19082","0.0011115702473159673","0.0011115702473159673","0.0011115702473159673"
"19132","0.0002168192993053708","0.0002168192993053708","0.0002168192993053708"
"19182","0.00015972248946354738","0.00015972248946354738","0.00015972248946354738"
"19232","0.00038093268624606936","0.00038093268624606936","0.00038093268624606936"
"19282","0.0002867464405562714","0.0002867464405562714","0.0002867464405562714"
"19332","0.0055360782074120604","0.0055360782074120604","0.0055360782074120604"
"19382","0.0009948571515269577","0.0009948571515269577","0.0009948571515269577"
"19432","0.0003096369436934765","0.0003096369436934765","0.0003096369436934765"
"19482","0.000611296812812725","0.000611296812812725","0.000611296812812725"
"19532","0.0002622299272059081","0.0002622299272059081","0.0002622299272059081"
"19582","0.0010036319625396572","0.0010036319625396572","0.0010036319625396572"
"19632","0.0006864511200171819","0.0006864511200171819","0.0006864511200171819"
"19682","0.0002460663230976934","0.0002460663230976934","0.0002460663230976934"
"19732","0.00025286072614335355","0.00025286072614335355","0.00025286072614335355"
"19782","0.00013716692748403148","0.00013716692748403148","0.00013716692748403148"
"19832","0.004134035435372425","0.004134035435372425","0.004134035435372425"
"19882","0.0005746566042262203","0.0005746566042262203","0.0005746566042262203"
"19932","0.0004672136017802586","0.0004672136017802586","0.0004672136017802586"
"19982","0.0001011324111095746","0.0001011324111095746","0.0001011324111095746"
"20032","0.002419183082699874","0.002419183082699874","0.002419183082699874"
"20082","0.0007944350908610431","0.0007944350908610431","0.0007944350908610431"
"20132","0.00025004612459269995","0.00025004612459269995","0.00025004612459269995"
"20182","0.0003183149260962637","0.0003183149260962637","0.0003183149260962637"
"20232","0.0007829652577487422","0.0007829652577487422","0.0007829652577487422"
"20282","0.0026364816150669414","0.0026364816150669414","0.0026364816150669414"
"20332","0.0003341052913310705","0.0003341052913310705","0.0003341052913310705"
"20382","0.000898239183845817","0.000898239183845817","0.000898239183845817"
"20432","0.0009268050872333334","0.0009268050872333334","0.0009268050872333334"
"20482","0.0018140048092624283","0.0018140048092624283","0.0018140048092624283"
"20532","0.0021704078602169828","0.0021704078602169828","0.0021704078602169828"
"20582","0.0006584476933358019","0.0006584476933358019","0.0006584476933358019"
"20618","0.00001543672442494426","0.00001543672442494426","0.00001543672442494426"
"20668","0.003929663187800542","0.003929663187800542","0.003929663187800542"
"20718","0.0007359881075649355","0.0007359881075649355","0.0007359881075649355"
"20768","0.00040980508399684367","0.00040980508399684367","0.00040980508399684367"
"20818","0.0013003623146846622","0.0013003623146846622","0.0013003623146846622"
"20868","0.00026720845010231643","0.00026720845010231643","0.00026720845010231643"
"20918","0.00076086292285936","0.00076086292285936","0.00076086292285936"
"20968","0.00017061220088862683","0.00017061220088862683","0.00017061220088862683"
"21018","0.00030090867975332005","0.00030090867975332005","0.00030090867975332005"
"21068","0.00012388323578989003","0.00012388323578989003","0.00012388323578989003"
"21118","0.0005070187292380979","0.0005070187292380979","0.0005070187292380979"
"21168","0.00009655922962508611","0.00009655922962508611","0.00009655922962508611"
"21218","0.00008763598100813396","0.00008763598100813396","0.00008763598100813396"
"21268","0.0001648552384449431","0.0001648552384449431","0.0001648552384449431"
"21318","0.00021920826007203686","0.00021920826007203686","0.00021920826007203686"
"21368","0.0008980137630760509","0.0008980137630760509","0.0008980137630760509"
"21418","0.00005705768327175065","0.00005705768327175065","0.00005705768327175065"
"21468","0.0005018836402109628","0.0005018836402109628","0.0005018836402109628"
"21518","0.00007953888505653595","0.00007953888505653595","0.00007953888505653595"
"21568","0.0003595559883410715","0.0003595559883410715","0.0003595559883410715"
"21618","0.0001034129141885387","0.0001034129141885387","0.0001034129141885387"
"21668","0.00021089120151486894","0.00021089120151486894","0.00021089120151486894"
"21718","0.0002803716441371762","0.0002803716441371762","0.0002803716441371762"
"21768","0.00008274726985064263","0.00008274726985064263","0.00008274726985064263"
"21818","0.00033853429207511","0.00033853429207511","0.00033853429207511"
"21868","0.00018212262288784585","0.00018212262288784585","0.00018212262288784585"
"21918","0.0024123455849667155","0.0024123455849667155","0.0024123455849667155"
"21968","0.0003653075260308469","0.0003653075260308469","0.0003653075260308469"
"22018","0.008180130759737949","0.008180130759737949","0.008180130759737949"
"22068","0.0009081941205613476","0.0009081941205613476","0.0009081941205613476"
"22118","0.0005196918374758752","0.0005196918374758752","0.0005196918374758752"
"22168","0.00010282198216259531","0.00010282198216259531","0.00010282198216259531"
"22204","0.00018870746134780347","0.00018870746134780347","0.00018870746134780347"
"22254","0.00008487357399758366","0.00008487357399758366","0.00008487357399758366"
"22304","0.00024281163395016846","0.00024281163395016846","0.00024281163395016846"
"22354","0.0013645367017937815","0.0013645367017937815","0.0013645367017937815"
"22404","0.003459581619315486","0.003459581619315486","0.003459581619315486"
"22454","0.000270391282334117","0.000270391282334117","0.000270391282334117"
"22504","0.00014017609155871468","0.00014017609155871468","0.00014017609155871468"
"22554","0.0017447531259949757","0.0017447531259949757","0.0017447531259949757"
"22604","0.00040534194147767266","0.00040534194147767266","0.00040534194147767266"
"22654","0.00013225417248236227","0.00013225417248236227","0.00013225417248236227"
"22704","0.0001348438162676757","0.0001348438162676757","0.0001348438162676757"
"22754","0.0006116052272142269","0.0006116052272142269","0.0006116052272142269"
"22804","0.0010521363590112287","0.0010521363590112287","0.0010521363590112287"
"22854","0.0005718214090659047","0.0005718214090659047","0.0005718214090659047"
"22904","0.00017580108433548958","0.00017580108433548958","0.00017580108433548958"
"22954","0.00014982409764797923","0.00014982409764797923","0.00014982409764797923"
"23004","0.0011746988957247594","0.0011746988957247594","0.0011746988957247594"
"23054","0.00043865792878591494","0.00043865792878591494","0.00043865792878591494"
"23104","0.0002770772348344508","0.0002770772348344508","0.0002770772348344508"
"23154","0.00018420678820348256","0.00018420678820348256","0.00018420678820348256"
"23204","0.0021723395310147","0.0021723395310147","0.0021723395310147"
"23254","0.00039418879784136607","0.00039418879784136607","0.00039418879784136607"
"23304","0.00009918206857605583","0.00009918206857605583","0.00009918206857605583"
"23354","0.00021962576999612793","0.00021962576999612793","0.00021962576999612793"
"23404","0.00017502359709339999","0.00017502359709339999","0.00017502359709339999"
"23454","0.00016793676686575055","0.00016793676686575055","0.00016793676686575055"
"23504","0.00018509368054196783","0.00018509368054196783","0.00018509368054196783"
"23554","0.00021197695709702203","0.00021197695709702203","0.00021197695709702203"
"23604","0.000320593193151808","0.000320593193151808","0.000320593193151808"
"23654","0.00022036375884169955","0.00022036375884169955","0.00022036375884169955"
"23704","0.0001438948369695936","0.0001438948369695936","0.0001438948369695936"
"23754","0.00031059816927481165","0.00031059816927481165","0.00031059816927481165"
"23790","0.0005449086311273277","0.0005449086311273277","0.0005449086311273277"
"23840","0.00010123616094347199","0.00010123616094347199","0.00010123616094347199"
"23890","0.00015455537308980638","0.00015455537308980638","0.00015455537308980638"
"23940","0.00013635026742008448","0.00013635026742008448","0.00013635026742008448"
"23990","0.0000705920815630634","0.0000705920815630634","0.0000705920815630634"
"24040","0.0003079200434535778","0.0003079200434535778","0.0003079200434535778"
"24090","0.00021352227080683405","0.00021352227080683405","0.00021352227080683405"
"24140","0.0003459817439920698","0.0003459817439920698","0.0003459817439920698"
"24190","0.0010128197793915206","0.0010128197793915206","0.0010128197793915206"
"24240","0.0008661432627002342","0.0008661432627002342","0.0008661432627002342"
"24290","0.00012022393694678612","0.00012022393694678612","0.00012022393694678612"
"24340","0.00005618083017679965","0.00005618083017679965","0.00005618083017679965"
"24390","0.00026340636266922955","0.00026340636266922955","0.00026340636266922955"
"24440","0.001955375983638987","0.001955375983638987","0.001955375983638987"
"24490","0.00014522465435135246","0.00014522465435135246","0.00014522465435135246"
"24540","0.00012427691707443954","0.00012427691707443954","0.00012427691707443954"
"24590","0.00010961458368115018","0.00010961458368115018","0.00010961458368115018"
"24640","0.00019892859053811663","0.00019892859053811663","0.00019892859053811663"
"24690","0.0002039635828680275","0.0002039635828680275","0.0002039635828680275"
"24740","0.00022740165069990326","0.00022740165069990326","0.00022740165069990326"
"24790","0.0003422694586788566","0.0003422694586788566","0.0003422694586788566"
"24840","0.00014060611450418038","0.00014060611450418038","0.00014060611450418038"
"24890","0.00011664181852694355","0.00011664181852694355","0.00011664181852694355"
"24940","0.00013145249566434814","0.00013145249566434814","0.00013145249566434814"
"24990","0.00010361162079334462","0.00010361162079334462","0.00010361162079334462"
"25040","0.00008543565268269048","0.00008543565268269048","0.00008543565268269048"
"25090","0.00013572023009828627","0.00013572023009828627","0.00013572023009828627"
"25140","0.00016017398177808672","0.00016017398177808672","0.00016017398177808672"
"25190","0.00013978649028842938","0.00013978649028842938","0.00013978649028842938"
"25240","0.00034163217524593395","0.00034163217524593395","0.00034163217524593395"
"25290","0.00012440177588445066","0.00012440177588445066","0.00012440177588445066"
"25340","0.00018981570448715955","0.00018981570448715955","0.00018981570448715955"
"25376","0.00001925715150719043","0.00001925715150719043","0.00001925715150719043"
"25426","0.00008943902778128176","0.00008943902778128176","0.00008943902778128176"
"25476","0.00009361059762113654","0.00009361059762113654","0.00009361059762113654"
"25526","0.00019494554385971697","0.00019494554385971697","0.00019494554385971697"
"25576","0.00012883990496248999","0.00012883990496248999","0.00012883990496248999"
"25626","0.00024038701217818926","0.00024038701217818926","0.00024038701217818926"
"25676","0.00005922987603440788","0.00005922987603440788","0.00005922987603440788"
"25726","0.00024299074832583755","0.00024299074832583755","0.00024299074832583755"
"25776","0.00007043372016738658","0.00007043372016738658","0.00007043372016738658"
"25826","0.00038704521937461323","0.00038704521937461323","0.00038704521937461323"
"25876","0.001498969036958897","0.001498969036958897","0.001498969036958897"
"25926","0.00009939631078452749","0.00009939631078452749","0.00009939631078452749"
"25976","0.00014980812646058438","0.00014980812646058438","0.00014980812646058438"
"26026","0.0001795241757585586","0.0001795241757585586","0.0001795241757585586"
"26076","0.00030733274770156527","0.00030733274770156527","0.00030733274770156527"
"26126","0.00019959515244266868","0.00019959515244266868","0.00019959515244266868"
"26176","0.00023022074298296503","0.00023022074298296503","0.00023022074298296503"
"26226","0.00029512581458959633","0.00029512581458959633","0.00029512581458959633"
"26276","0.00026406121293192085","0.00026406121293192085","0.00026406121293192085"
"26326","0.0002048602642963715","0.0002048602642963715","0.0002048602642963715"
"26376","0.00009975877901407414","0.00009975877901407414","0.00009975877901407414"
"26426","0.0000573491352685096","0.0000573491352685096","0.0000573491352685096"
"26476","0.00013716896699577318","0.00013716896699577318","0.00013716896699577318"
"26526","0.00011550675118485287","0.00011550675118485287","0.00011550675118485287"
"26576","0.0001310094785230831","0.0001310094785230831","0.0001310094785230831"
"26626","0.00045785456049245","0.00045785456049245","0.00045785456049245"
"26676","0.00022626169406294138","0.00022626169406294138","0.00022626169406294138"
"26726","0.00009030788275708801","0.00009030788275708801","0.00009030788275708801"
"26776","0.00006704047624367604","0.00006704047624367604","0.00006704047624367604"
"26826","0.00018461306288372725","0.00018461306288372725","0.00018461306288372725"
"26876","0.00032651614669561014","0.00032651614669561014","0.00032651614669561014"
"26926","0.00008810436240651143","0.00008810436240651143","0.00008810436240651143"
"26962","9.08968388557696e-7","9.08968388557696e-7","9.08968388557696e-7"
"27012","0.0001147902496614961","0.0001147902496614961","0.0001147902496614961"
"27062","0.00048524140702568277","0.00048524140702568277","0.00048524140702568277"
"27112","0.00019242697296803613","0.00019242697296803613","0.00019242697296803613"
"27162","0.00009476039212046317","0.00009476039212046317","0.00009476039212046317"
"27212","0.00006571488291854166","0.00006571488291854166","0.00006571488291854166"
"27262","0.00020323333035207725","0.00020323333035207725","0.00020323333035207725"
"27312","0.0008397901239986538","0.0008397901239986538","0.0008397901239986538"
"27362","0.00032614844235240526","0.00032614844235240526","0.00032614844235240526"
"27412","0.00037309796396584716","0.00037309796396584716","0.00037309796396584716"
"27462","0.000057045066818659506","0.000057045066818659506","0.000057045066818659506"
"27512","0.0003281640408687281","0.0003281640408687281","0.0003281640408687281"
"27562","0.00025637008603041523","0.00025637008603041523","0.00025637008603041523"
"27612","0.000060994745824700656","0.000060994745824700656","0.000060994745824700656"
"27662","0.00014476060893031217","0.00014476060893031217","0.00014476060893031217"
"27712","0.00006631748386951131","0.00006631748386951131","0.00006631748386951131"
"27762","0.00007476069717796463","0.00007476069717796463","0.00007476069717796463"
"27812","0.00014192328249492902","0.00014192328249492902","0.00014192328249492902"
"27862","0.0000918910109163562","0.0000918910109163562","0.0000918910109163562"
"27912","0.00006011155141038671","0.00006011155141038671","0.00006011155141038671"
"27962","0.00009872377318771441","0.00009872377318771441","0.00009872377318771441"
"28012","0.0001858991873012883","0.0001858991873012883","0.0001858991873012883"
"28062","0.0008551748490245359","0.0008551748490245359","0.0008551748490245359"
"28112","0.00020669078334776715","0.00020669078334776715","0.00020669078334776715"
"28162","0.00034038071744248556","0.00034038071744248556","0.00034038071744248556"
"28212","0.000052002377948099366","0.000052002377948099366","0.000052002377948099366"
"28262","0.00014083259612675646","0.00014083259612675646","0.00014083259612675646"
"28312","0.005879835408081248","0.005879835408081248","0.005879835408081248"
"28362","0.00010430338561434382","0.00010430338561434382","0.00010430338561434382"
"28412","0.00007702103749522849","0.00007702103749522849","0.00007702103749522849"
"28462","0.00032460518112316096","0.00032460518112316096","0.00032460518112316096"
"28512","0.00003555022080718118","0.00003555022080718118","0.00003555022080718118"
"28548","0.00007115437620086595","0.00007115437620086595","0.00007115437620086595"
"28598","0.00010779931369256701","0.00010779931369256701","0.00010779931369256701"
"28648","0.0005649586939841811","0.0005649586939841811","0.0005649586939841811"
"28698","0.0002066242738908386","0.0002066242738908386","0.0002066242738908386"
"28748","0.00018494753994573897","0.00018494753994573897","0.00018494753994573897"
"28798","0.00010741931721383935","0.00010741931721383935","0.00010741931721383935"
"28848","0.00046747860462318156","0.00046747860462318156","0.00046747860462318156"
"28898","0.00004916102789010779","0.00004916102789010779","0.00004916102789010779"
"28948","0.00023727558966413654","0.00023727558966413654","0.00023727558966413654"
"28998","0.00003001723831630443","0.00003001723831630443","0.00003001723831630443"
"29048","0.000056948966437744276","0.000056948966437744276","0.000056948966437744276"
"29098","0.00008986751342348497","0.00008986751342348497","0.00008986751342348497"
"29148","0.0000984320752519352","0.0000984320752519352","0.0000984320752519352"
"29198","0.00007895160334101092","0.00007895160334101092","0.00007895160334101092"
"29248","0.00012368599841238392","0.00012368599841238392","0.00012368599841238392"
"29298","0.00046914579246276844","0.00046914579246276844","0.00046914579246276844"
"29348","0.0003018612164730428","0.0003018612164730428","0.0003018612164730428"
"29398","0.00034987424494843823","0.00034987424494843823","0.00034987424494843823"
"29448","0.00011136024680922673","0.00011136024680922673","0.00011136024680922673"
"29498","0.0003509292604302061","0.0003509292604302061","0.0003509292604302061"
"29548","0.0009349135561046751","0.0009349135561046751","0.0009349135561046751"
"29598","0.00045622700640649325","0.00045622700640649325","0.00045622700640649325"
"29648","0.0018915787491948777","0.0018915787491948777","0.0018915787491948777"
"29698","0.0005255659533872859","0.0005255659533872859","0.0005255659533872859"
"29748","0.00011460656226404353","0.00011460656226404353","0.00011460656226404353"
"29798","0.00017938638070290835","0.00017938638070290835","0.00017938638070290835"
"29848","0.00019729855055004465","0.00019729855055004465","0.00019729855055004465"
"29898","0.00011649217525814492","0.00011649217525814492","0.00011649217525814492"
"29948","0.00007081803782497786","0.00007081803782497786","0.00007081803782497786"
"29998","0.00011929742779017261","0.00011929742779017261","0.00011929742779017261"
"30048","0.00010499340264544799","0.00010499340264544799","0.00010499340264544799"
"30098","0.0002967226501661457","0.0002967226501661457","0.0002967226501661457"
"30134","0.000004470303338166559","0.000004470303338166559","0.000004470303338166559"
"30184","0.0014349030355663218","0.0014349030355663218","0.0014349030355663218"
"30234","0.00031791462406999927","0.00031791462406999927","0.00031791462406999927"
"30284","0.0001330515018651113","0.0001330515018651113","0.0001330515018651113"
"30334","0.00040551280059162307","0.00040551280059162307","0.00040551280059162307"
"30384","0.00010162303409060768","0.00010162303409060768","0.00010162303409060768"
"30434","0.0002590042043254925","0.0002590042043254925","0.0002590042043254925"
"30484","0.00022082370802763761","0.00022082370802763761","0.00022082370802763761"
"30534","0.00016855201065027359","0.00016855201065027359","0.00016855201065027359"
"30584","0.0007520933584595469","0.0007520933584595469","0.0007520933584595469"
"30634","0.0006563586050589265","0.0006563586050589265","0.0006563586050589265"
"30684","0.00004653589158948535","0.00004653589158948535","0.00004653589158948535"
"30734","0.00012737521309531984","0.00012737521309531984","0.00012737521309531984"
"30784","0.00043459843920199857","0.00043459843920199857","0.00043459843920199857"
"30834","0.00025496515191832716","0.00025496515191832716","0.00025496515191832716"
"30884","0.0016675781884561047","0.0016675781884561047","0.0016675781884561047"
"30934","0.00010740573068403592","0.00010740573068403592","0.00010740573068403592"
"30984","0.00019259496511722318","0.00019259496511722318","0.00019259496511722318"
"31034","0.00022001023318011904","0.00022001023318011904","0.00022001023318011904"
"31084","0.00004043504173125712","0.00004043504173125712","0.00004043504173125712"
"31134","0.00041997970825036646","0.00041997970825036646","0.00041997970825036646"
"31184","0.00014730577431862457","0.00014730577431862457","0.00014730577431862457"
"31234","0.000029528495816748545","0.000029528495816748545","0.000029528495816748545"
"31284","0.00023282182175876187","0.00023282182175876187","0.00023282182175876187"
"31334","0.000054252452252754325","0.000054252452252754325","0.000054252452252754325"
"31384","0.00010719423768250636","0.00010719423768250636","0.00010719423768250636"
"31434","0.00007378887201411999","0.00007378887201411999","0.00007378887201411999"
"31484","0.00012142424474461677","0.00012142424474461677","0.00012142424474461677"
"31534","0.00005177288503006139","0.00005177288503006139","0.00005177288503006139"
"31584","0.00008215704615338381","0.00008215704615338381","0.00008215704615338381"
"31634","0.00009155329754605646","0.00009155329754605646","0.00009155329754605646"
"31684","0.0005436577880307425","0.0005436577880307425","0.0005436577880307425"
